{
  "project_info": {
    "project_number": "609540453141",
    "project_id": "evaluaciondos-df608",
    "storage_bucket": "evaluaciondos-df608.appspot.com"
  },
  "client": [
    {
      "client_info": {
        "mobilesdk_app_id": "1:609540453141:android:e0ef3b80fa8fa463726f1c",
        "android_client_info": {
          "package_name": "com.example.evaluaciondos"
        }
      },
      "oauth_client": [
        {
          "client_id": "609540453141-td7ah6pdd5antet9q6ljm6oess6e2bfi.apps.googleusercontent.com",
          "client_type": 1,
          "android_info": {
            "package_name": "com.example.evaluaciondos",
            "certificate_hash": "3854ce16bda1f37e67cf14c51f75091e5d84827f"
          }
        },
        {
          "client_id": "609540453141-jrev426i1u8jgvshu2ouueobqugm5ep2.apps.googleusercontent.com",
          "client_type": 3
        }
      ],
      "api_key": [
        {
          "current_key": "AIzaSyB0wB2rwq9jkKsyFsR2oBGkqljT4qvfCb4"
        }
      ],
      "services": {
        "appinvite_service": {
          "other_platform_oauth_client": [
            {
              "client_id": "609540453141-jrev426i1u8jgvshu2ouueobqugm5ep2.apps.googleusercontent.com",
              "client_type": 3
            }
          ]
        }
      }
    }
  ],
  "configuration_version": "1"
}